1	KLF4_MOUSE.H11MO.0.A	2	2.53321e-06	0.00134514	0.00116821	7	CCCACCC	GCCACACCCACTCCA	-
3	KLF4_MOUSE.H11MO.0.A	1	0.000129908	0.0689811	0.0150145	7	CCCCTCC	GCCACACCCACTCCA	-
