1	KLF4_MOUSE.H11MO.0.A	2	2.53321e-06	0.00134514	0.00116821	7	CCCACCC	GCCACACCCACTCCA	-
2	SOX2_MOUSE.H11MO.1.A	3	4.65077e-07	0.000246956	0.000481436	7	AACAAAG	CAGAACAAAGGAA	-
2	SOX2_MOUSE.H11MO.0.A	7	5.8994e-05	0.0313258	0.00678547	7	AACAAAG	TTTGCATAACAAAGGA	-
3	KLF4_MOUSE.H11MO.0.A	1	0.000129908	0.0689811	0.0150145	7	CCCCTCC	GCCACACCCACTCCA	-
